iter	Logloss
0	0.5146746907
1	0.4982620833
2	0.495935449633	0.493272769644	0.491004488655	0.489796583966	0.487470548
7	0.4860576591
8	0.4837802529
9	0.483291677

