iter	Logloss	Logloss	Logloss
0	0.6886427409	0.6886666405	0.6886514193
1	0.6844590763	0.6842835328	0.684444192
2	0.6803075699	0.6799437259	0.6804198598
3	0.6761625908	0.6757645149	0.6761574317
4	0.6720413688	0.6717482818	0.6720786655
5	0.6682238447	0.6676631156	0.6681681269
6	0.6642557282	0.6638219807	0.6641258225
7	0.6603204751	0.6598986283	0.6603449393
8	0.656402433	0.6562242638	0.6566327072
9	0.652714129	0.6526310389	0.6528412066
