iter	Logloss
0	0.6886950207
1	0.6845337649
2	0.6805418591
3	0.6763408917
4	0.6722904664
5	0.668409243466	0.664465007577	0.660774548
8	0.6571233602
9	0.6534223688
